sesion_id,fecha,segmento,canal,llego_a_pago,completo_pago,error_pago,tiempo_checkout_seg
S-0001,2026-06-02,nuevo,android,1,0,1,160
S-0002,2026-06-03,nuevo,web,1,0,1,161
S-0003,2026-06-04,nuevo,ios,1,0,1,162
S-0004,2026-06-05,nuevo,android,1,0,1,163
S-0005,2026-06-06,nuevo,web,1,0,1,164
S-0006,2026-06-07,nuevo,ios,1,0,1,165
S-0007,2026-06-08,nuevo,android,1,0,1,166
S-0008,2026-06-09,nuevo,web,1,0,1,167
S-0009,2026-06-10,nuevo,ios,1,0,1,168
S-0010,2026-06-11,nuevo,android,1,0,1,169
S-0011,2026-06-12,nuevo,web,1,0,1,170
S-0012,2026-06-13,nuevo,ios,1,0,1,171
S-0013,2026-06-14,nuevo,android,1,0,1,172
S-0014,2026-06-15,nuevo,web,1,0,1,173
S-0015,2026-06-16,nuevo,ios,1,0,1,174
S-0016,2026-06-17,nuevo,android,1,0,1,175
S-0017,2026-06-18,nuevo,web,1,0,1,176
S-0018,2026-06-19,nuevo,ios,1,0,1,177
S-0019,2026-06-20,nuevo,android,1,0,1,178
S-0020,2026-06-21,nuevo,web,1,0,1,179
S-0021,2026-06-22,nuevo,ios,1,0,1,180
S-0022,2026-06-23,nuevo,android,1,0,1,181
S-0023,2026-06-24,nuevo,web,1,0,1,182
S-0024,2026-06-25,nuevo,ios,1,0,1,183
S-0025,2026-06-26,nuevo,android,1,0,1,184
S-0026,2026-06-27,nuevo,web,1,0,1,185
S-0027,2026-06-28,nuevo,ios,1,0,0,186
S-0028,2026-06-01,nuevo,android,1,0,0,187
S-0029,2026-06-02,nuevo,web,1,0,0,188
S-0030,2026-06-03,nuevo,ios,1,0,0,189
S-0031,2026-06-04,nuevo,android,1,0,0,190
S-0032,2026-06-05,nuevo,web,1,0,0,191
S-0033,2026-06-06,nuevo,ios,1,0,0,192
S-0034,2026-06-07,nuevo,android,1,0,0,193
S-0035,2026-06-08,nuevo,web,1,0,0,194
S-0036,2026-06-09,nuevo,ios,1,0,0,195
S-0037,2026-06-10,nuevo,android,1,0,0,196
S-0038,2026-06-11,nuevo,web,1,0,0,197
S-0039,2026-06-12,nuevo,ios,1,0,0,198
S-0040,2026-06-13,nuevo,android,1,0,0,199
S-0041,2026-06-14,nuevo,web,1,0,0,200
S-0042,2026-06-15,nuevo,ios,1,0,0,201
S-0043,2026-06-16,nuevo,android,1,0,0,202
S-0044,2026-06-17,nuevo,web,1,0,0,203
S-0045,2026-06-18,nuevo,ios,1,0,0,204
S-0046,2026-06-19,nuevo,android,1,0,0,205
S-0047,2026-06-20,nuevo,web,1,0,0,206
S-0048,2026-06-21,nuevo,ios,1,0,0,207
S-0049,2026-06-22,nuevo,android,1,0,0,208
S-0050,2026-06-23,nuevo,web,1,0,0,209
S-0051,2026-06-24,nuevo,ios,1,0,0,210
S-0052,2026-06-25,nuevo,android,1,0,0,211
S-0053,2026-06-26,nuevo,web,1,0,0,212
S-0054,2026-06-27,nuevo,ios,1,0,0,213
S-0055,2026-06-28,nuevo,android,1,0,0,214
S-0056,2026-06-01,nuevo,web,1,0,0,215
S-0057,2026-06-02,nuevo,ios,1,0,0,216
S-0058,2026-06-03,nuevo,android,1,0,0,217
S-0059,2026-06-04,nuevo,web,1,0,0,218
S-0060,2026-06-05,nuevo,ios,1,0,0,219
S-0061,2026-06-06,nuevo,android,1,0,0,160
S-0062,2026-06-07,nuevo,web,1,0,0,161
S-0063,2026-06-08,nuevo,ios,1,0,0,162
S-0064,2026-06-09,nuevo,android,1,0,0,163
S-0065,2026-06-10,nuevo,web,1,0,0,164
S-0066,2026-06-11,nuevo,ios,1,0,0,165
S-0067,2026-06-12,nuevo,android,1,0,0,166
S-0068,2026-06-13,nuevo,web,1,0,0,167
S-0069,2026-06-14,nuevo,ios,1,0,0,168
S-0070,2026-06-15,nuevo,android,1,0,0,169
S-0071,2026-06-16,nuevo,web,1,0,0,170
S-0072,2026-06-17,nuevo,ios,1,0,0,171
S-0073,2026-06-18,nuevo,android,1,0,0,172
S-0074,2026-06-19,nuevo,web,1,0,0,173
S-0075,2026-06-20,nuevo,ios,1,0,0,174
S-0076,2026-06-21,nuevo,android,1,0,0,175
S-0077,2026-06-22,nuevo,web,1,0,0,176
S-0078,2026-06-23,nuevo,ios,1,0,0,177
S-0079,2026-06-24,nuevo,android,1,0,0,178
S-0080,2026-06-25,nuevo,web,1,0,0,179
S-0081,2026-06-26,nuevo,ios,1,0,0,180
S-0082,2026-06-27,nuevo,android,1,0,0,181
S-0083,2026-06-28,nuevo,web,1,0,0,182
S-0084,2026-06-01,nuevo,ios,1,0,0,183
S-0085,2026-06-02,nuevo,android,1,0,0,184
S-0086,2026-06-03,nuevo,web,1,0,0,185
S-0087,2026-06-04,nuevo,ios,1,0,0,186
S-0088,2026-06-05,nuevo,android,1,0,0,187
S-0089,2026-06-06,nuevo,web,1,0,0,188
S-0090,2026-06-07,nuevo,ios,1,0,0,189
S-0091,2026-06-08,nuevo,android,1,0,0,190
S-0092,2026-06-09,nuevo,web,1,0,0,191
S-0093,2026-06-10,nuevo,ios,1,0,0,192
S-0094,2026-06-11,nuevo,android,1,0,0,193
S-0095,2026-06-12,nuevo,web,1,1,1,114
S-0096,2026-06-13,nuevo,ios,1,1,1,115
S-0097,2026-06-14,nuevo,android,1,1,1,116
S-0098,2026-06-15,nuevo,web,1,1,1,117
S-0099,2026-06-16,nuevo,ios,1,1,1,118
S-0100,2026-06-17,nuevo,android,1,1,1,119
S-0101,2026-06-18,nuevo,web,1,1,0,70
S-0102,2026-06-19,nuevo,ios,1,1,0,71
S-0103,2026-06-20,nuevo,android,1,1,0,72
S-0104,2026-06-21,nuevo,web,1,1,0,73
S-0105,2026-06-22,nuevo,ios,1,1,0,74
S-0106,2026-06-23,nuevo,android,1,1,0,75
S-0107,2026-06-24,nuevo,web,1,1,0,76
S-0108,2026-06-25,nuevo,ios,1,1,0,77
S-0109,2026-06-26,nuevo,android,1,1,0,78
S-0110,2026-06-27,nuevo,web,1,1,0,79
S-0111,2026-06-28,nuevo,ios,1,1,0,80
S-0112,2026-06-01,nuevo,android,1,1,0,81
S-0113,2026-06-02,nuevo,web,1,1,0,82
S-0114,2026-06-03,nuevo,ios,1,1,0,83
S-0115,2026-06-04,nuevo,android,1,1,0,84
S-0116,2026-06-05,nuevo,web,1,1,0,85
S-0117,2026-06-06,nuevo,ios,1,1,0,86
S-0118,2026-06-07,nuevo,android,1,1,0,87
S-0119,2026-06-08,nuevo,web,1,1,0,88
S-0120,2026-06-09,nuevo,ios,1,1,0,89
S-0121,2026-06-10,nuevo,android,1,1,0,90
S-0122,2026-06-11,nuevo,web,1,1,0,91
S-0123,2026-06-12,nuevo,ios,1,1,0,92
S-0124,2026-06-13,nuevo,android,1,1,0,93
S-0125,2026-06-14,nuevo,web,1,1,0,94
S-0126,2026-06-15,nuevo,ios,1,1,0,95
S-0127,2026-06-16,nuevo,android,1,1,0,96
S-0128,2026-06-17,nuevo,web,1,1,0,97
S-0129,2026-06-18,nuevo,ios,1,1,0,98
S-0130,2026-06-19,nuevo,android,1,1,0,99
S-0131,2026-06-20,nuevo,web,1,1,0,100
S-0132,2026-06-21,nuevo,ios,1,1,0,101
S-0133,2026-06-22,nuevo,android,1,1,0,102
S-0134,2026-06-23,nuevo,web,1,1,0,103
S-0135,2026-06-24,nuevo,ios,1,1,0,104
S-0136,2026-06-25,nuevo,android,1,1,0,105
S-0137,2026-06-26,nuevo,web,1,1,0,106
S-0138,2026-06-27,nuevo,ios,1,1,0,107
S-0139,2026-06-28,nuevo,android,1,1,0,108
S-0140,2026-06-01,nuevo,web,1,1,0,109
S-0141,2026-06-02,nuevo,ios,1,1,0,110
S-0142,2026-06-03,nuevo,android,1,1,0,111
S-0143,2026-06-04,nuevo,web,1,1,0,112
S-0144,2026-06-05,nuevo,ios,1,1,0,113
S-0145,2026-06-06,nuevo,android,1,1,0,114
S-0146,2026-06-07,nuevo,web,1,1,0,115
S-0147,2026-06-08,nuevo,ios,1,1,0,116
S-0148,2026-06-09,nuevo,android,1,1,0,117
S-0149,2026-06-10,nuevo,web,1,1,0,118
S-0150,2026-06-11,nuevo,ios,1,1,0,119
S-0151,2026-06-12,nuevo,android,1,1,0,70
S-0152,2026-06-13,nuevo,web,1,1,0,71
S-0153,2026-06-14,nuevo,ios,1,1,0,72
S-0154,2026-06-15,nuevo,android,1,1,0,73
S-0155,2026-06-16,nuevo,web,1,1,0,74
S-0156,2026-06-17,nuevo,ios,1,1,0,75
S-0157,2026-06-18,nuevo,android,1,1,0,76
S-0158,2026-06-19,nuevo,web,1,1,0,77
S-0159,2026-06-20,nuevo,ios,1,1,0,78
S-0160,2026-06-21,nuevo,android,1,1,0,79
S-0161,2026-06-22,nuevo,web,1,1,0,80
S-0162,2026-06-23,nuevo,ios,1,1,0,81
S-0163,2026-06-24,nuevo,android,1,1,0,82
S-0164,2026-06-25,nuevo,web,1,1,0,83
S-0165,2026-06-26,nuevo,ios,1,1,0,84
S-0166,2026-06-27,nuevo,android,1,1,0,85
S-0167,2026-06-28,nuevo,web,1,1,0,86
S-0168,2026-06-01,nuevo,ios,1,1,0,87
S-0169,2026-06-02,nuevo,android,1,1,0,88
S-0170,2026-06-03,nuevo,web,1,1,0,89
S-0171,2026-06-04,nuevo,ios,1,1,0,90
S-0172,2026-06-05,nuevo,android,1,1,0,91
S-0173,2026-06-06,nuevo,web,1,1,0,92
S-0174,2026-06-07,nuevo,ios,1,1,0,93
S-0175,2026-06-08,nuevo,android,1,1,0,94
S-0176,2026-06-09,nuevo,web,1,1,0,95
S-0177,2026-06-10,nuevo,ios,1,1,0,96
S-0178,2026-06-11,nuevo,android,1,1,0,97
S-0179,2026-06-12,nuevo,web,1,1,0,98
S-0180,2026-06-13,nuevo,ios,1,1,0,99
S-0181,2026-06-14,nuevo,android,1,1,0,100
S-0182,2026-06-15,nuevo,web,1,1,0,101
S-0183,2026-06-16,nuevo,ios,1,1,0,102
S-0184,2026-06-17,nuevo,android,1,1,0,103
S-0185,2026-06-18,nuevo,web,1,1,0,104
S-0186,2026-06-19,nuevo,ios,1,1,0,105
S-0187,2026-06-20,nuevo,android,1,1,0,106
S-0188,2026-06-21,nuevo,web,1,1,0,107
S-0189,2026-06-22,nuevo,ios,1,1,0,108
S-0190,2026-06-23,nuevo,android,1,1,0,109
S-0191,2026-06-24,nuevo,web,1,1,0,110
S-0192,2026-06-25,nuevo,ios,1,1,0,111
S-0193,2026-06-26,nuevo,android,1,1,0,112
S-0194,2026-06-27,nuevo,web,1,1,0,113
S-0195,2026-06-28,nuevo,ios,1,1,0,114
S-0196,2026-06-01,nuevo,android,1,1,0,115
S-0197,2026-06-02,nuevo,web,1,1,0,116
S-0198,2026-06-03,nuevo,ios,1,1,0,117
S-0199,2026-06-04,nuevo,android,1,1,0,118
S-0200,2026-06-05,nuevo,web,1,1,0,119
S-0201,2026-06-06,recurrente,ios,1,0,1,175
S-0202,2026-06-07,recurrente,android,1,0,1,176
S-0203,2026-06-08,recurrente,web,1,0,1,177
S-0204,2026-06-09,recurrente,ios,1,0,1,178
S-0205,2026-06-10,recurrente,android,1,0,1,179
S-0206,2026-06-11,recurrente,web,1,0,1,180
S-0207,2026-06-12,recurrente,ios,1,0,1,181
S-0208,2026-06-13,recurrente,android,1,0,1,182
S-0209,2026-06-14,recurrente,web,1,0,1,183
S-0210,2026-06-15,recurrente,ios,1,0,1,184
S-0211,2026-06-16,recurrente,android,1,0,1,185
S-0212,2026-06-17,recurrente,web,1,0,1,186
S-0213,2026-06-18,recurrente,ios,1,0,1,187
S-0214,2026-06-19,recurrente,android,1,0,1,188
S-0215,2026-06-20,recurrente,web,1,0,1,189
S-0216,2026-06-21,recurrente,ios,1,0,1,190
S-0217,2026-06-22,recurrente,android,1,0,1,191
S-0218,2026-06-23,recurrente,web,1,0,1,192
S-0219,2026-06-24,recurrente,ios,1,0,1,193
S-0220,2026-06-25,recurrente,android,1,0,1,194
S-0221,2026-06-26,recurrente,web,1,0,1,195
S-0222,2026-06-27,recurrente,ios,1,0,1,196
S-0223,2026-06-28,recurrente,android,1,0,0,197
S-0224,2026-06-01,recurrente,web,1,0,0,198
S-0225,2026-06-02,recurrente,ios,1,0,0,199
S-0226,2026-06-03,recurrente,android,1,0,0,200
S-0227,2026-06-04,recurrente,web,1,0,0,201
S-0228,2026-06-05,recurrente,ios,1,0,0,202
S-0229,2026-06-06,recurrente,android,1,0,0,203
S-0230,2026-06-07,recurrente,web,1,0,0,204
S-0231,2026-06-08,recurrente,ios,1,0,0,205
S-0232,2026-06-09,recurrente,android,1,0,0,206
S-0233,2026-06-10,recurrente,web,1,0,0,207
S-0234,2026-06-11,recurrente,ios,1,0,0,208
S-0235,2026-06-12,recurrente,android,1,0,0,209
S-0236,2026-06-13,recurrente,web,1,0,0,210
S-0237,2026-06-14,recurrente,ios,1,0,0,211
S-0238,2026-06-15,recurrente,android,1,0,0,212
S-0239,2026-06-16,recurrente,web,1,0,0,213
S-0240,2026-06-17,recurrente,ios,1,0,0,214
S-0241,2026-06-18,recurrente,android,1,0,0,215
S-0242,2026-06-19,recurrente,web,1,0,0,216
S-0243,2026-06-20,recurrente,ios,1,0,0,217
S-0244,2026-06-21,recurrente,android,1,0,0,218
S-0245,2026-06-22,recurrente,web,1,0,0,219
S-0246,2026-06-23,recurrente,ios,1,0,0,220
S-0247,2026-06-24,recurrente,android,1,0,0,221
S-0248,2026-06-25,recurrente,web,1,0,0,222
S-0249,2026-06-26,recurrente,ios,1,0,0,223
S-0250,2026-06-27,recurrente,android,1,0,0,224
S-0251,2026-06-28,recurrente,web,1,0,0,225
S-0252,2026-06-01,recurrente,ios,1,0,0,226
S-0253,2026-06-02,recurrente,android,1,0,0,227
S-0254,2026-06-03,recurrente,web,1,0,0,228
S-0255,2026-06-04,recurrente,ios,1,0,0,229
S-0256,2026-06-05,recurrente,android,1,0,0,175
S-0257,2026-06-06,recurrente,web,1,0,0,176
S-0258,2026-06-07,recurrente,ios,1,0,0,177
S-0259,2026-06-08,recurrente,android,1,1,1,98
S-0260,2026-06-09,recurrente,web,1,1,1,99
S-0261,2026-06-10,recurrente,ios,1,1,1,100
S-0262,2026-06-11,recurrente,android,1,1,1,101
S-0263,2026-06-12,recurrente,web,1,1,1,102
S-0264,2026-06-13,recurrente,ios,1,1,1,103
S-0265,2026-06-14,recurrente,android,1,1,0,104
S-0266,2026-06-15,recurrente,web,1,1,0,105
S-0267,2026-06-16,recurrente,ios,1,1,0,106
S-0268,2026-06-17,recurrente,android,1,1,0,107
S-0269,2026-06-18,recurrente,web,1,1,0,108
S-0270,2026-06-19,recurrente,ios,1,1,0,109
S-0271,2026-06-20,recurrente,android,1,1,0,110
S-0272,2026-06-21,recurrente,web,1,1,0,111
S-0273,2026-06-22,recurrente,ios,1,1,0,112
S-0274,2026-06-23,recurrente,android,1,1,0,113
S-0275,2026-06-24,recurrente,web,1,1,0,114
S-0276,2026-06-25,recurrente,ios,1,1,0,115
S-0277,2026-06-26,recurrente,android,1,1,0,116
S-0278,2026-06-27,recurrente,web,1,1,0,117
S-0279,2026-06-28,recurrente,ios,1,1,0,118
S-0280,2026-06-01,recurrente,android,1,1,0,119
S-0281,2026-06-02,recurrente,web,1,1,0,80
S-0282,2026-06-03,recurrente,ios,1,1,0,81
S-0283,2026-06-04,recurrente,android,1,1,0,82
S-0284,2026-06-05,recurrente,web,1,1,0,83
S-0285,2026-06-06,recurrente,ios,1,1,0,84
S-0286,2026-06-07,recurrente,android,1,1,0,85
S-0287,2026-06-08,recurrente,web,1,1,0,86
S-0288,2026-06-09,recurrente,ios,1,1,0,87
S-0289,2026-06-10,recurrente,android,1,1,0,88
S-0290,2026-06-11,recurrente,web,1,1,0,89
S-0291,2026-06-12,recurrente,ios,1,1,0,90
S-0292,2026-06-13,recurrente,android,1,1,0,91
S-0293,2026-06-14,recurrente,web,1,1,0,92
S-0294,2026-06-15,recurrente,ios,1,1,0,93
S-0295,2026-06-16,recurrente,android,1,1,0,94
S-0296,2026-06-17,recurrente,web,1,1,0,95
S-0297,2026-06-18,recurrente,ios,1,1,0,96
S-0298,2026-06-19,recurrente,android,1,1,0,97
S-0299,2026-06-20,recurrente,web,1,1,0,98
S-0300,2026-06-21,recurrente,ios,1,1,0,99
S-0301,2026-06-22,recurrente,android,1,1,0,100
S-0302,2026-06-23,recurrente,web,1,1,0,101
S-0303,2026-06-24,recurrente,ios,1,1,0,102
S-0304,2026-06-25,recurrente,android,1,1,0,103
S-0305,2026-06-26,recurrente,web,1,1,0,104
S-0306,2026-06-27,recurrente,ios,1,1,0,105
S-0307,2026-06-28,recurrente,android,1,1,0,106
S-0308,2026-06-01,recurrente,web,1,1,0,107
S-0309,2026-06-02,recurrente,ios,1,1,0,108
S-0310,2026-06-03,recurrente,android,1,1,0,109
S-0311,2026-06-04,recurrente,web,1,1,0,110
S-0312,2026-06-05,recurrente,ios,1,1,0,111
S-0313,2026-06-06,recurrente,android,1,1,0,112
S-0314,2026-06-07,recurrente,web,1,1,0,113
S-0315,2026-06-08,recurrente,ios,1,1,0,114
S-0316,2026-06-09,recurrente,android,1,1,0,115
S-0317,2026-06-10,recurrente,web,1,1,0,116
S-0318,2026-06-11,recurrente,ios,1,1,0,117
S-0319,2026-06-12,recurrente,android,1,1,0,118
S-0320,2026-06-13,recurrente,web,1,1,0,119
S-0321,2026-06-14,recurrente,ios,1,1,0,80
S-0322,2026-06-15,recurrente,android,1,1,0,81
S-0323,2026-06-16,recurrente,web,1,1,0,82
S-0324,2026-06-17,recurrente,ios,1,1,0,83
S-0325,2026-06-18,recurrente,android,1,1,0,84
S-0326,2026-06-19,recurrente,web,1,1,0,85
S-0327,2026-06-20,recurrente,ios,1,1,0,86
S-0328,2026-06-21,recurrente,android,1,1,0,87
S-0329,2026-06-22,recurrente,web,1,1,0,88
S-0330,2026-06-23,recurrente,ios,1,1,0,89
S-0331,2026-06-24,recurrente,android,1,1,0,90
S-0332,2026-06-25,recurrente,web,1,1,0,91
S-0333,2026-06-26,recurrente,ios,1,1,0,92
S-0334,2026-06-27,recurrente,android,1,1,0,93
S-0335,2026-06-28,recurrente,web,1,1,0,94
S-0336,2026-06-01,recurrente,ios,1,1,0,95
S-0337,2026-06-02,recurrente,android,1,1,0,96
S-0338,2026-06-03,recurrente,web,1,1,0,97
S-0339,2026-06-04,recurrente,ios,1,1,0,98
S-0340,2026-06-05,recurrente,android,1,1,0,99
S-0341,2026-06-06,recurrente,web,1,1,0,100
S-0342,2026-06-07,recurrente,ios,1,1,0,101
S-0343,2026-06-08,recurrente,android,1,1,0,102
S-0344,2026-06-09,recurrente,web,1,1,0,103
S-0345,2026-06-10,recurrente,ios,1,1,0,104
S-0346,2026-06-11,recurrente,android,1,1,0,105
S-0347,2026-06-12,recurrente,web,1,1,0,106
S-0348,2026-06-13,recurrente,ios,1,1,0,107
S-0349,2026-06-14,recurrente,android,1,1,0,108
S-0350,2026-06-15,recurrente,web,1,1,0,109
S-0351,2026-06-16,recurrente,ios,1,1,0,110
S-0352,2026-06-17,recurrente,android,1,1,0,111
S-0353,2026-06-18,recurrente,web,1,1,0,112
S-0354,2026-06-19,recurrente,ios,1,1,0,113
S-0355,2026-06-20,recurrente,android,1,1,0,114
S-0356,2026-06-21,recurrente,web,1,1,0,115
S-0357,2026-06-22,recurrente,ios,1,1,0,116
S-0358,2026-06-23,recurrente,android,1,1,0,117
S-0359,2026-06-24,recurrente,web,1,1,0,118
S-0360,2026-06-25,recurrente,ios,1,1,0,119
S-0361,2026-06-26,recurrente,android,1,1,0,80
S-0362,2026-06-27,recurrente,web,1,1,0,81
S-0363,2026-06-28,recurrente,ios,1,1,0,82
S-0364,2026-06-01,recurrente,android,1,1,0,83
S-0365,2026-06-02,recurrente,web,1,1,0,84
S-0366,2026-06-03,recurrente,ios,1,1,0,85
S-0367,2026-06-04,recurrente,android,1,1,0,86
S-0368,2026-06-05,recurrente,web,1,1,0,87
S-0369,2026-06-06,recurrente,ios,1,1,0,88
S-0370,2026-06-07,recurrente,android,1,1,0,89
S-0371,2026-06-08,recurrente,web,1,1,0,90
S-0372,2026-06-09,recurrente,ios,1,1,0,91
S-0373,2026-06-10,recurrente,android,1,1,0,92
S-0374,2026-06-11,recurrente,web,1,1,0,93
S-0375,2026-06-12,recurrente,ios,1,1,0,94
S-0376,2026-06-13,recurrente,android,1,1,0,95
S-0377,2026-06-14,recurrente,web,1,1,0,96
S-0378,2026-06-15,recurrente,ios,1,1,0,97
S-0379,2026-06-16,recurrente,android,1,1,0,98
S-0380,2026-06-17,recurrente,web,1,1,0,99
S-0381,2026-06-18,recurrente,ios,1,1,0,100
S-0382,2026-06-19,recurrente,android,1,1,0,101
S-0383,2026-06-20,recurrente,web,1,1,0,102
S-0384,2026-06-21,recurrente,ios,1,1,0,103
S-0385,2026-06-22,recurrente,android,1,1,0,104
S-0386,2026-06-23,recurrente,web,1,1,0,105
S-0387,2026-06-24,recurrente,ios,1,1,0,106
S-0388,2026-06-25,recurrente,android,1,1,0,107
S-0389,2026-06-26,recurrente,web,1,1,0,108
S-0390,2026-06-27,recurrente,ios,1,1,0,109
S-0391,2026-06-28,recurrente,android,1,1,0,110
S-0392,2026-06-01,recurrente,web,1,1,0,111
S-0393,2026-06-02,recurrente,ios,1,1,0,112
S-0394,2026-06-03,recurrente,android,1,1,0,113
S-0395,2026-06-04,recurrente,web,1,1,0,114
S-0396,2026-06-05,recurrente,ios,1,1,0,115
S-0397,2026-06-06,recurrente,android,1,1,0,116
S-0398,2026-06-07,recurrente,web,1,1,0,117
S-0399,2026-06-08,recurrente,ios,1,1,0,118
S-0400,2026-06-09,recurrente,android,1,1,0,119
S-0401,2026-06-10,nuevo,web,0,0,0,0
S-0402,2026-06-11,recurrente,ios,0,0,0,0
S-0403,2026-06-12,nuevo,android,0,0,0,0
S-0404,2026-06-13,recurrente,web,0,0,0,0
S-0405,2026-06-14,nuevo,ios,0,0,0,0
S-0406,2026-06-15,recurrente,android,0,0,0,0
S-0407,2026-06-16,nuevo,web,0,0,0,0
S-0408,2026-06-17,recurrente,ios,0,0,0,0
S-0409,2026-06-18,nuevo,android,0,0,0,0
S-0410,2026-06-19,recurrente,web,0,0,0,0
S-0411,2026-06-20,nuevo,ios,0,0,0,0
S-0412,2026-06-21,recurrente,android,0,0,0,0
S-0413,2026-06-22,nuevo,web,0,0,0,0
S-0414,2026-06-23,recurrente,ios,0,0,0,0
S-0415,2026-06-24,nuevo,android,0,0,0,0
S-0416,2026-06-25,recurrente,web,0,0,0,0
S-0417,2026-06-26,nuevo,ios,0,0,0,0
S-0418,2026-06-27,recurrente,android,0,0,0,0
S-0419,2026-06-28,nuevo,web,0,0,0,0
S-0420,2026-06-01,recurrente,ios,0,0,0,0
S-0421,2026-06-02,nuevo,android,0,0,0,0
S-0422,2026-06-03,recurrente,web,0,0,0,0
S-0423,2026-06-04,nuevo,ios,0,0,0,0
S-0424,2026-06-05,recurrente,android,0,0,0,0
S-0425,2026-06-06,nuevo,web,0,0,0,0
S-0426,2026-06-07,recurrente,ios,0,0,0,0
S-0427,2026-06-08,nuevo,android,0,0,0,0
S-0428,2026-06-09,recurrente,web,0,0,0,0
S-0429,2026-06-10,nuevo,ios,0,0,0,0
S-0430,2026-06-11,recurrente,android,0,0,0,0
S-0431,2026-06-12,nuevo,web,0,0,0,0
S-0432,2026-06-13,recurrente,ios,0,0,0,0
S-0433,2026-06-14,nuevo,android,0,0,0,0
S-0434,2026-06-15,recurrente,web,0,0,0,0
S-0435,2026-06-16,nuevo,ios,0,0,0,0
S-0436,2026-06-17,recurrente,android,0,0,0,0
S-0437,2026-06-18,nuevo,web,0,0,0,0
S-0438,2026-06-19,recurrente,ios,0,0,0,0
S-0439,2026-06-20,nuevo,android,0,0,0,0
S-0440,2026-06-21,recurrente,web,0,0,0,0
S-0441,2026-06-22,nuevo,ios,0,0,0,0
S-0442,2026-06-23,recurrente,android,0,0,0,0
S-0443,2026-06-24,nuevo,web,0,0,0,0
S-0444,2026-06-25,recurrente,ios,0,0,0,0
S-0445,2026-06-26,nuevo,android,0,0,0,0
S-0446,2026-06-27,recurrente,web,0,0,0,0
S-0447,2026-06-28,nuevo,ios,0,0,0,0
S-0448,2026-06-01,recurrente,android,0,0,0,0
S-0449,2026-06-02,nuevo,web,0,0,0,0
S-0450,2026-06-03,recurrente,ios,0,0,0,0
S-0451,2026-06-04,nuevo,android,0,0,0,0
S-0452,2026-06-05,recurrente,web,0,0,0,0
S-0453,2026-06-06,nuevo,ios,0,0,0,0
S-0454,2026-06-07,recurrente,android,0,0,0,0
S-0455,2026-06-08,nuevo,web,0,0,0,0
S-0456,2026-06-09,recurrente,ios,0,0,0,0
S-0457,2026-06-10,nuevo,android,0,0,0,0
S-0458,2026-06-11,recurrente,web,0,0,0,0
S-0459,2026-06-12,nuevo,ios,0,0,0,0
S-0460,2026-06-13,recurrente,android,0,0,0,0
S-0461,2026-06-14,nuevo,web,0,0,0,0
S-0462,2026-06-15,recurrente,ios,0,0,0,0
S-0463,2026-06-16,nuevo,android,0,0,0,0
S-0464,2026-06-17,recurrente,web,0,0,0,0
S-0465,2026-06-18,nuevo,ios,0,0,0,0
S-0466,2026-06-19,recurrente,android,0,0,0,0
S-0467,2026-06-20,nuevo,web,0,0,0,0
S-0468,2026-06-21,recurrente,ios,0,0,0,0
S-0469,2026-06-22,nuevo,android,0,0,0,0
S-0470,2026-06-23,recurrente,web,0,0,0,0
S-0471,2026-06-24,nuevo,ios,0,0,0,0
S-0472,2026-06-25,recurrente,android,0,0,0,0
S-0473,2026-06-26,nuevo,web,0,0,0,0
S-0474,2026-06-27,recurrente,ios,0,0,0,0
S-0475,2026-06-28,nuevo,android,0,0,0,0
S-0476,2026-06-01,recurrente,web,0,0,0,0
S-0477,2026-06-02,nuevo,ios,0,0,0,0
S-0478,2026-06-03,recurrente,android,0,0,0,0
S-0479,2026-06-04,nuevo,web,0,0,0,0
S-0480,2026-06-05,recurrente,ios,0,0,0,0
S-0481,2026-06-06,nuevo,android,0,0,0,0
S-0482,2026-06-07,recurrente,web,0,0,0,0
S-0483,2026-06-08,nuevo,ios,0,0,0,0
S-0484,2026-06-09,recurrente,android,0,0,0,0
S-0485,2026-06-10,nuevo,web,0,0,0,0
S-0486,2026-06-11,recurrente,ios,0,0,0,0
S-0487,2026-06-12,nuevo,android,0,0,0,0
S-0488,2026-06-13,recurrente,web,0,0,0,0
S-0489,2026-06-14,nuevo,ios,0,0,0,0
S-0490,2026-06-15,recurrente,android,0,0,0,0
S-0491,2026-06-16,nuevo,web,0,0,0,0
S-0492,2026-06-17,recurrente,ios,0,0,0,0
S-0493,2026-06-18,nuevo,android,0,0,0,0
S-0494,2026-06-19,recurrente,web,0,0,0,0
S-0495,2026-06-20,nuevo,ios,0,0,0,0
S-0496,2026-06-21,recurrente,android,0,0,0,0
S-0497,2026-06-22,nuevo,web,0,0,0,0
S-0498,2026-06-23,recurrente,ios,0,0,0,0
S-0499,2026-06-24,nuevo,android,0,0,0,0
S-0500,2026-06-25,recurrente,web,0,0,0,0
